id,album,track_number,id,name,uri,acousticness,danceability,energy,instrumentalness,liveness,loudness,speechiness,tempo,valence,popularity
0,Speak Now,1,7G0gBu6nLdhFDPRLc0HdDG,Mine,spotify:track:7G0gBu6nLdhFDPRLc0HdDG,0.00444,0.646,0.783,1.38e-06,0.171,-2.846,0.0356,121.08,0.49,84
1,Speak Now,2,3MytWN8L7shNYzGl4tAKRp,Sparks Fly,spotify:track:3MytWN8L7shNYzGl4tAKRp,0.0251,0.588,0.758,0.0,0.131,-2.347,0.0305,114.991,0.387,81
2,Speak Now,3,79uDOz0zuuWS7HWxzMmTa2,Back To December,spotify:track:79uDOz0zuuWS7HWxzMmTa2,0.00621,0.497,0.635,0.0,0.117,-3.927,0.0273,142.063,0.203,84
3,Speak Now,4,5xXqyjLicvEpch72qEryFT,Speak Now,spotify:track:5xXqyjLicvEpch72qEryFT,0.248,0.727,0.677,0.0,0.143,-2.871,0.0325,118.995,0.639,80
4,Speak Now,5,1zU8j1x3yi9xalMF96pzKp,Dear John,spotify:track:1zU8j1x3yi9xalMF96pzKp,0.0236,0.419,0.47,0.0,0.163,-5.016,0.0296,119.294,0.133,80
5,Speak Now,6,30Y4CV7A6YqtQtTTo7Ue4j,Mean,spotify:track:30Y4CV7A6YqtQtTTo7Ue4j,0.311,0.524,0.692,0.0,0.192,-3.866,0.0369,163.874,0.621,80
6,Speak Now,7,6dTA6y0C2ReQklntzZl8l3,The Story Of Us,spotify:track:6dTA6y0C2ReQklntzZl8l3,0.00192,0.515,0.781,0.0,0.054,-2.608,0.0535,139.846,0.57,79
7,Speak Now,8,2EFZ9emtKWEglWUQGEQ3P9,Never Grow Up,spotify:track:2EFZ9emtKWEglWUQGEQ3P9,0.851,0.685,0.323,0.0,0.198,-7.103,0.0289,125.058,0.569,75
8,Speak Now,9,3sW3oSbzsfecv9XoUdGs7h,Enchanted,spotify:track:3sW3oSbzsfecv9XoUdGs7h,0.012,0.505,0.532,0.0,0.149,-3.526,0.0265,81.907,0.216,87
9,Speak Now,10,0NwGC0v03ysCYINtg6ns58,Better Than Revenge,spotify:track:0NwGC0v03ysCYINtg6ns58,0.000886,0.496,0.885,0.0,0.191,-2.969,0.0803,145.863,0.665,82
10,Speak Now,11,12nBPF4Rh4XLFJV0YLN7uj,Innocent,spotify:track:12nBPF4Rh4XLFJV0YLN7uj,0.101,0.522,0.598,0.0,0.152,-5.327,0.0284,133.627,0.149,74
11,Speak Now,12,4tMzIAFTFdqGBQLdfbPces,Haunted,spotify:track:4tMzIAFTFdqGBQLdfbPces,0.00667,0.427,0.915,0.0,0.221,-1.909,0.0619,162.201,0.355,77
12,Speak Now,13,59KOoHFcw5XfICnO57holu,Last Kiss,spotify:track:59KOoHFcw5XfICnO57holu,0.447,0.55,0.366,4.43e-06,0.101,-8.46,0.0276,79.401,0.16,78
14,Speak Now,15,3yNJkriPzWjkkDAWHIAVUq,Ours,spotify:track:3yNJkriPzWjkkDAWHIAVUq,0.449,0.535,0.488,0.0,0.111,-8.261,0.0278,159.813,0.348,75
15,Speak Now,16,4evLyY5Ue1Wesc61t2KXAU,Superman,spotify:track:4evLyY5Ue1Wesc61t2KXAU,0.0031,0.533,0.742,0.0,0.108,-3.473,0.0303,131.93,0.356,72
16,Speak Now,17,4e3ZNTAV6PCrdYMUrUlMpQ,Electric Touch (feat. Fall Out Boy) (From The Vault),spotify:track:4e3ZNTAV6PCrdYMUrUlMpQ,0.0164,0.547,0.855,0.0,0.144,-4.7,0.0597,131.073,0.282,79
17,Speak Now,18,0zo975x58DlXbZllWvfYhg,When Emma Falls in Love (From The Vault),spotify:track:0zo975x58DlXbZllWvfYhg,0.159,0.474,0.763,0.0,0.138,-4.632,0.0505,78.133,0.231,79
18,Speak Now,19,5kHMfzgLZP95O9NBy0ku4v,I Can See You (From The Vault),spotify:track:5kHMfzgLZP95O9NBy0ku4v,0.0586,0.694,0.764,0.0,0.0608,-4.893,0.0337,123.044,0.819,88
19,Speak Now,20,4ABYxlb92WBIjHu7TIKmml,Castles Crumbling (feat. Hayley Williams) (From The Vault),spotify:track:4ABYxlb92WBIjHu7TIKmml,0.362,0.576,0.57,0.0,0.0668,-7.925,0.0434,147.803,0.378,79
20,Speak Now,21,4s8BIKx4Zh6ryAEz8RTlaU,Foolish One (From The Vault),spotify:track:4s8BIKx4Zh6ryAEz8RTlaU,0.617,0.671,0.588,0.0,0.111,-4.675,0.0299,96.965,0.543,79
21,Speak Now,22,1HCdems7PQZRj42QDWLA0A,Timeless (From The Vault),spotify:track:1HCdems7PQZRj42QDWLA0A,0.3,0.624,0.585,0.0,0.0916,-5.847,0.0328,142.883,0.65,78
22,Midnights,1,24emu3sabKISjRkrys28jq,Lavender Haze,spotify:track:24emu3sabKISjRkrys28jq,0.236,0.735,0.454,0.00113,0.133,-10.516,0.0876,97.043,0.0751,69
23,Midnights,2,6qxvy9Pe4RJIq5JBVbbwbS,Maroon,spotify:track:6qxvy9Pe4RJIq5JBVbbwbS,0.0609,0.65,0.397,1.4e-06,0.089,-8.237,0.0365,108.055,0.0382,69
24,Midnights,3,5qIHFdkW6phMsTZlN2g8Lc,Anti-Hero,spotify:track:5qIHFdkW6phMsTZlN2g8Lc,0.115,0.637,0.649,1.22e-06,0.147,-6.59,0.0584,96.935,0.497,69
25,Midnights,4,7GA86Uo2jYbj8vIXe2nyWd,Snow On The Beach (feat. Lana Del Rey),spotify:track:7GA86Uo2jYbj8vIXe2nyWd,0.705,0.653,0.331,0.0013,0.116,-13.534,0.039,110.014,0.166,67
26,Midnights,5,6PQOU00xWNrGwCZzboriXy,"You're On Your Own, Kid",spotify:track:6PQOU00xWNrGwCZzboriXy,0.423,0.694,0.386,1.05e-05,0.126,-10.312,0.0597,120.044,0.39,69
27,Midnights,6,4eKMqf9ZMSclDX7V9Ptg7x,Midnight Rain,spotify:track:4eKMqf9ZMSclDX7V9Ptg7x,0.705,0.654,0.372,6.78e-05,0.114,-11.704,0.0667,140.15,0.198,69
28,Midnights,7,7oomkQSYf1ia2VnVEWfFIU,Question...?,spotify:track:7oomkQSYf1ia2VnVEWfFIU,0.205,0.741,0.509,0.0,0.262,-8.747,0.19,108.978,0.113,67
29,Midnights,8,0GKDhq6ZbmSbRHd3eyGlB7,Vigilante Shit,spotify:track:0GKDhq6ZbmSbRHd3eyGlB7,0.157,0.867,0.272,3.42e-05,0.118,-11.014,0.363,79.962,0.157,68
30,Midnights,9,0VpF6RLdCfPIeYRwMu4tZK,Bejeweled,spotify:track:0VpF6RLdCfPIeYRwMu4tZK,0.0648,0.695,0.546,0.000128,0.0883,-9.184,0.066,164.0,0.425,68
31,Midnights,10,4bBDkw2KBMX0tcgAaXC83Q,Labyrinth,spotify:track:4bBDkw2KBMX0tcgAaXC83Q,0.804,0.493,0.308,0.328,0.123,-15.489,0.0436,109.993,0.13,66
32,Midnights,11,45R112Jz5hQeKgITXgSXzs,Karma,spotify:track:45R112Jz5hQeKgITXgSXzs,0.0782,0.647,0.614,0.0,0.611,-7.091,0.0651,90.034,0.0956,68
33,Midnights,12,2L09RYwH5Pjzca6PmbUAw3,Sweet Nothing,spotify:track:2L09RYwH5Pjzca6PmbUAw3,0.967,0.335,0.166,0.00012,0.115,-14.958,0.048,175.917,0.391,66
34,Midnights,13,1QQii3pa5m8MEda0nbkjfw,Mastermind,spotify:track:1QQii3pa5m8MEda0nbkjfw,0.545,0.661,0.345,0.000915,0.0871,-14.037,0.144,125.977,0.126,67
35,Midnights,14,2VuqMjgoKaOHNM8HpxtXKx,The Great War,spotify:track:2VuqMjgoKaOHNM8HpxtXKx,0.203,0.573,0.737,2.78e-05,0.0851,-9.002,0.0352,96.009,0.592,67
36,Midnights,15,71CBDRKmF2VeRKYMG1DFBh,Bigger Than The Whole Sky,spotify:track:71CBDRKmF2VeRKYMG1DFBh,0.837,0.48,0.22,0.00269,0.116,-12.469,0.0425,82.951,0.0633,65
37,Midnights,16,5tWxKWq1DSP1s9WQ5PWuqu,Paris,spotify:track:5tWxKWq1DSP1s9WQ5PWuqu,0.116,0.691,0.498,3.07e-05,0.136,-10.519,0.101,110.963,0.454,66
38,Midnights,17,1SztNGCwEHJEVFx90E5g7D,High Infidelity,spotify:track:1SztNGCwEHJEVFx90E5g7D,0.726,0.564,0.545,0.0,0.0878,-10.17,0.104,176.082,0.766,65
39,Midnights,18,7C0w28EsX0Um2FrZs9gso2,Glitch,spotify:track:7C0w28EsX0Um2FrZs9gso2,0.318,0.677,0.451,0.0,0.11,-9.744,0.19,140.845,0.399,64
40,Midnights,19,4txojlesMFQZGWxwz2EeqB,"Would've, Could've, Should've",spotify:track:4txojlesMFQZGWxwz2EeqB,0.435,0.482,0.837,0.00147,0.123,-6.501,0.12,157.96,0.534,67
41,Midnights,20,10GRRCR5fctuOF4GFmATJI,Dear Reader,spotify:track:10GRRCR5fctuOF4GFmATJI,0.497,0.475,0.386,0.00104,0.119,-12.038,0.0737,107.601,0.162,65
42,Midnights,21,3xYJScVfxByb61dYHTwiby,Hits Different,spotify:track:3xYJScVfxByb61dYHTwiby,0.148,0.672,0.782,4.73e-06,0.296,-6.499,0.0421,106.026,0.239,82
43,Midnights,22,4zmKGsrXjLmljb5fTaBTot,Snow On The Beach (feat. More Lana Del Rey),spotify:track:4zmKGsrXjLmljb5fTaBTot,0.806,0.664,0.401,3.5e-06,0.108,-10.934,0.0344,109.846,0.315,82
78,Red,1,6lzc0Al0zfZOIFsFvBS1ki,State Of Grace,spotify:track:6lzc0Al0zfZOIFsFvBS1ki,0.000328,0.594,0.713,0.0,0.114,-5.314,0.0503,129.958,0.328,72
79,Red,2,4OAuvHryIVv4kMDNSLuPt6,Red,spotify:track:4OAuvHryIVv4kMDNSLuPt6,0.00108,0.516,0.777,1.62e-06,0.0761,-4.908,0.0375,125.047,0.408,81
80,Red,3,3S7HNKPakdwNEBFIVTL6dZ,Treacherous,spotify:track:3S7HNKPakdwNEBFIVTL6dZ,0.0344,0.645,0.593,0.000127,0.13,-6.506,0.0288,109.984,0.299,73
81,Red,4,6AtZLIzUINvExIUy4QhdjP,I Knew You Were Trouble,spotify:track:6AtZLIzUINvExIUy4QhdjP,0.0129,0.584,0.557,0.0,0.0576,-6.371,0.0342,154.008,0.767,80
82,Red,5,3nsfB1vus2qaloUdcBZvDu,All Too Well,spotify:track:3nsfB1vus2qaloUdcBZvDu,0.0171,0.44,0.528,0.00203,0.234,-7.809,0.0317,185.972,0.132,78
83,Red,6,3yII7UwgLF6K5zW3xad3MP,22,spotify:track:3yII7UwgLF6K5zW3xad3MP,0.000443,0.642,0.695,1.02e-05,0.0753,-5.62,0.0281,103.984,0.642,79
84,Red,7,2r9CbjYgFhtAmcFv1cSquB,I Almost Do,spotify:track:2r9CbjYgFhtAmcFv1cSquB,0.0167,0.511,0.559,0.0,0.113,-6.587,0.0264,145.88,0.248,71
85,Red,8,5YqltLsjdqFtvqE7Nrysvs,We Are Never Ever Getting Back Together,spotify:track:5YqltLsjdqFtvqE7Nrysvs,0.0317,0.567,0.686,1.86e-06,0.0732,-6.139,0.175,172.014,0.716,81
86,Red,9,7eQj6r5PIdYKEIZjucBMcq,Stay Stay Stay,spotify:track:7eQj6r5PIdYKEIZjucBMcq,0.0848,0.693,0.681,0.0,0.0768,-7.039,0.025,100.02,0.663,71
87,Red,10,0y6kdSRCVQhSsHSpWvTUm7,The Last Time (feat. Gary Lightbody of Snow Patrol),spotify:track:0y6kdSRCVQhSsHSpWvTUm7,0.0399,0.502,0.534,0.0,0.0977,-5.954,0.0278,94.05,0.155,74
88,Red,11,7J4b3LVCIGO4CMBDFLPoP6,Holy Ground,spotify:track:7J4b3LVCIGO4CMBDFLPoP6,0.0288,0.622,0.809,0.00218,0.109,-5.623,0.0638,156.894,0.511,71
89,Red,12,73qMN9bXy7MSPwwGfH3wQr,Sad Beautiful Tragic,spotify:track:73qMN9bXy7MSPwwGfH3wQr,0.622,0.601,0.406,9.19e-05,0.133,-11.827,0.0275,130.059,0.232,72
90,Red,13,4e5ayHsOLJNLTGfjau2mEw,The Lucky One,spotify:track:4e5ayHsOLJNLTGfjau2mEw,0.066,0.686,0.571,0.0,0.0608,-7.138,0.05,117.889,0.538,70
91,Red,14,7qEUFOVcxRI19tbT68JcYK,Everything Has Changed (feat. Ed Sheeran),spotify:track:7qEUFOVcxRI19tbT68JcYK,0.271,0.498,0.61,0.0,0.223,-5.098,0.0363,79.918,0.474,76
92,Red,15,7A2cNLRT0YJc1yjxHlKihs,Starlight,spotify:track:7A2cNLRT0YJc1yjxHlKihs,0.00324,0.628,0.685,0.0,0.18,-5.864,0.0358,126.014,0.605,70
93,Red,16,05GsNucq8Bngd9fnd4fRa0,Begin Again,spotify:track:05GsNucq8Bngd9fnd4fRa0,0.075,0.519,0.527,0.0,0.132,-7.673,0.0274,78.915,0.267,73
94,Red,17,0NRHj8hDwwmSPaA41o379r,The Moment I Knew,spotify:track:0NRHj8hDwwmSPaA41o379r,0.0494,0.636,0.402,0.0,0.107,-7.855,0.031,125.952,0.208,70
95,Red,18,4pNApnaUWAL2J4KO2eqokq,Come Back...Be Here,spotify:track:4pNApnaUWAL2J4KO2eqokq,0.0158,0.46,0.632,0.0,0.0822,-6.031,0.0302,79.846,0.399,73
96,Red,19,0DMVrlMUn01M0IcpDbwgu7,Girl At Home,spotify:track:0DMVrlMUn01M0IcpDbwgu7,0.00955,0.691,0.736,1.88e-05,0.101,-6.974,0.0326,125.089,0.612,68
97,Red,20,5jAIouBES8LWMiriuNq170,State Of Grace (Acoustic Version),spotify:track:5jAIouBES8LWMiriuNq170,0.663,0.445,0.131,1.57e-06,0.108,-13.778,0.0564,208.918,0.101,67
98,Red,21,7nWui6jiMM2m9qFmET1Mtj,Ronan,spotify:track:7nWui6jiMM2m9qFmET1Mtj,0.661,0.623,0.279,0.0,0.193,-10.802,0.031,116.04,0.38,65
99,Red,22,4OmFmE0fzcMG6g0Y8p4eSD,Better Man (From The Vault),spotify:track:4OmFmE0fzcMG6g0Y8p4eSD,0.214,0.473,0.579,0.0,0.0877,-5.824,0.0384,73.942,0.255,73
100,Red,23,01K4zKU104LyJ8gMb7227B,Nothing New (feat. Phoebe Bridgers) (From The Vault),spotify:track:01K4zKU104LyJ8gMb7227B,0.817,0.606,0.377,0.0,0.154,-9.455,0.0275,101.96,0.446,77
101,Red,24,0v4z1tuZvn6LGknom9Qx7d,Babe (From The Vault),spotify:track:0v4z1tuZvn6LGknom9Qx7d,0.0538,0.584,0.743,2.83e-06,0.121,-7.075,0.0931,167.844,0.746,74
102,Red,25,3z6XUommYDWPHeFhmhhT6j,Message In A Bottle (From The Vault),spotify:track:3z6XUommYDWPHeFhmhhT6j,0.00188,0.622,0.791,3.72e-06,0.083,-6.106,0.0535,115.915,0.494,74
103,Red,26,4CkgMiMqZ5JzW9iYXSTMTL,I Bet You Think About Me (feat. Chris Stapleton) (From The Vault),spotify:track:4CkgMiMqZ5JzW9iYXSTMTL,0.167,0.391,0.715,0.0,0.183,-4.516,0.0495,149.654,0.473,77
104,Red,27,3oGVx9RBmiYGv5ZCecWLkx,Forever Winter (From The Vault),spotify:track:3oGVx9RBmiYGv5ZCecWLkx,0.256,0.611,0.552,0.0,0.134,-5.828,0.031,116.012,0.41,70
105,Red,28,4IQkfUsrwXol38VV3U7t7T,Run (feat. Ed Sheeran) (From The Vault),spotify:track:4IQkfUsrwXol38VV3U7t7T,0.817,0.61,0.488,0.0,0.312,-6.918,0.0293,125.039,0.443,72
106,Red,29,6pYNq0ZwpPVazKzsqpf0G8,The Very First Night (From The Vault),spotify:track:6pYNq0ZwpPVazKzsqpf0G8,0.00115,0.678,0.733,0.0,0.104,-5.025,0.0281,121.009,0.581,76
107,Red,30,5enxwA8aAbwZbf5qCHORXi,All Too Well (10 Minute Version) (From The Vault),spotify:track:5enxwA8aAbwZbf5qCHORXi,0.274,0.631,0.518,0.0,0.088,-8.771,0.0303,93.023,0.205,87
108,Fearless,1,77sMIMlNaSURUAXq5coCxE,Fearless,spotify:track:77sMIMlNaSURUAXq5coCxE,0.0122,0.569,0.741,0.0,0.333,-4.963,0.0282,100.118,0.43,85
109,Fearless,2,2nqio0SfWg6gh2eCtfuMa5,Fifteen,spotify:track:2nqio0SfWg6gh2eCtfuMa5,0.116,0.559,0.646,0.0,0.32,-4.61,0.0272,95.466,0.289,73
110,Fearless,3,6YvqWjhGD8mB5QXcbcUKtx,Love Story,spotify:track:6YvqWjhGD8mB5QXcbcUKtx,0.13,0.627,0.792,3.97e-06,0.0845,-4.311,0.031,119.054,0.415,82
111,Fearless,4,550erGcdD9n6PnwxrvYqZT,Hey Stephen,spotify:track:550erGcdD9n6PnwxrvYqZT,0.106,0.788,0.571,0.0,0.0934,-6.135,0.0296,115.99,0.797,71
112,Fearless,5,5YL553x8sHderRBDlm3NM3,White Horse,spotify:track:5YL553x8sHderRBDlm3NM3,0.369,0.423,0.517,0.0,0.177,-7.377,0.0486,185.262,0.366,72
113,Fearless,6,1qrpoAMXodY6895hGKoUpA,You Belong With Me,spotify:track:1qrpoAMXodY6895hGKoUpA,0.0623,0.632,0.773,0.0,0.0885,-4.856,0.0346,130.033,0.474,86
114,Fearless,7,7HC7R2D8WjXVcUHJyEGjRs,Breathe (feat. Colbie Caillat),spotify:track:7HC7R2D8WjXVcUHJyEGjRs,0.156,0.506,0.626,0.0,0.228,-6.066,0.0287,148.035,0.321,69
115,Fearless,8,0k0vFacOHNuArLWMiH60p7,Tell Me Why,spotify:track:0k0vFacOHNuArLWMiH60p7,0.0222,0.578,0.909,0.0,0.333,-3.669,0.0628,100.023,0.541,68
116,Fearless,9,6iiAfo4wTA2CVC3Uwx9uh8,You're Not Sorry,spotify:track:6iiAfo4wTA2CVC3Uwx9uh8,0.0538,0.506,0.444,0.0,0.123,-4.99,0.0285,133.873,0.241,70
117,Fearless,10,22bPsP2jCgbLUvh82U0Z3M,The Way I Loved You,spotify:track:22bPsP2jCgbLUvh82U0Z3M,0.0033,0.402,0.732,0.0,0.108,-4.665,0.0484,161.032,0.472,83
118,Fearless,11,1msEuwSBneBKpVCZQcFTsU,Forever & Always,spotify:track:1msEuwSBneBKpVCZQcFTsU,0.0231,0.598,0.821,0.0,0.143,-4.433,0.0447,128.03,0.673,74
119,Fearless,12,6ON9UuIq49xXY9GPmHIYRp,The Best Day,spotify:track:6ON9UuIq49xXY9GPmHIYRp,0.488,0.642,0.576,0.0,0.159,-8.524,0.0282,125.0,0.469,67
120,Fearless,13,3ExweHKZF9B752DPQByRVT,Change,spotify:track:3ExweHKZF9B752DPQByRVT,0.000191,0.499,0.815,0.0,0.181,-4.063,0.0341,95.999,0.344,66
121,Fearless,14,2m3ObD945KvpE5y9A1eUWm,Jump Then Fall,spotify:track:2m3ObD945KvpE5y9A1eUWm,0.0474,0.572,0.69,0.0,0.0897,-6.201,0.0358,160.111,0.624,68
122,Fearless,15,0tQ9vBYpldCuikPsbgOVKA,Untouchable,spotify:track:0tQ9vBYpldCuikPsbgOVKA,0.0181,0.393,0.531,0.0,0.169,-6.112,0.0329,200.391,0.224,68
123,Fearless,16,01QdEx6kFr78ZejhQtWR5m,Forever & Always (Piano Version),spotify:track:01QdEx6kFr78ZejhQtWR5m,0.819,0.546,0.273,0.0,0.137,-9.208,0.0308,118.753,0.271,67
124,Fearless,17,1n2wszmJyVkw6FHqyLnQsY,Come In With The Rain,spotify:track:1n2wszmJyVkw6FHqyLnQsY,0.0406,0.476,0.564,0.0,0.102,-5.677,0.0269,143.929,0.167,65
125,Fearless,18,51A8eKvvZz9uydvIZ7xRSV,Superstar,spotify:track:51A8eKvvZz9uydvIZ7xRSV,0.157,0.454,0.555,0.0,0.343,-6.69,0.0283,171.862,0.171,64
126,Fearless,19,1cSFlSBdpT4F5vb1frQ231,The Other Side Of The Door,spotify:track:1cSFlSBdpT4F5vb1frQ231,0.0279,0.432,0.873,0.0,0.167,-4.367,0.0577,163.936,0.629,70
127,Fearless,20,2JoJrsEV15OzbijS47lids,Today Was A Fairytale,spotify:track:2JoJrsEV15OzbijS47lids,0.0135,0.482,0.779,0.0,0.296,-5.025,0.0409,158.162,0.328,67
128,Fearless,21,4CHpVfAhuxNJ3ibExe6kxO,You All Over Me (feat. Maren Morris) (From The Vault),spotify:track:4CHpVfAhuxNJ3ibExe6kxO,0.816,0.599,0.494,0.0,0.101,-7.61,0.0372,142.893,0.44,65
129,Fearless,22,2CYVETnhM9aytqrazYYwrK,Mr. Perfectly Fine (From The Vault),spotify:track:2CYVETnhM9aytqrazYYwrK,0.162,0.66,0.817,0.0,0.0667,-6.269,0.0521,135.942,0.714,77
130,Fearless,23,34V9RiEPe8MNdU32qJsJa1,We Were Happy (From The Vault),spotify:track:34V9RiEPe8MNdU32qJsJa1,0.849,0.609,0.373,0.0,0.0779,-8.819,0.0263,106.007,0.13,68
131,Fearless,24,7eResoqEJJAVTkQYSqvO3P,That's When (feat. Keith Urban) (From The Vault),spotify:track:7eResoqEJJAVTkQYSqvO3P,0.225,0.588,0.608,0.0,0.092,-7.062,0.0365,90.201,0.508,69
132,Fearless,25,4uuEGH5SVuzkkSFjo2DEiY,Don't You (From The Vault),spotify:track:4uuEGH5SVuzkkSFjo2DEiY,0.514,0.563,0.473,1.2e-05,0.109,-11.548,0.0503,101.934,0.405,69
133,Fearless,26,4qUijfYU8EoIWiY6oSyrgT,Bye Bye Baby (From The Vault),spotify:track:4qUijfYU8EoIWiY6oSyrgT,0.334,0.624,0.624,0.0,0.0995,-7.86,0.0539,80.132,0.527,67
134,evermore,1,2gVhfX2Gy1T9kDuS9azrF7,willow,spotify:track:2gVhfX2Gy1T9kDuS9azrF7,0.833,0.392,0.574,0.00179,0.145,-9.195,0.17,81.112,0.529,74
135,evermore,2,1gcyHQpBQ1lfXGdhZmWrHP,champagne problems,spotify:track:1gcyHQpBQ1lfXGdhZmWrHP,0.92,0.462,0.24,0.0,0.113,-12.077,0.0377,171.319,0.32,75
136,evermore,3,3Dby3p1m6IOZn2gIIqECgK,gold rush,spotify:track:3Dby3p1m6IOZn2gIIqECgK,0.83,0.512,0.462,0.166,0.121,-10.491,0.0408,112.05,0.353,72
137,evermore,4,6sQckd3Z8NPxVVKUnavY1F,â€˜tis the damn season,spotify:track:6sQckd3Z8NPxVVKUnavY1F,0.735,0.575,0.434,6.59e-05,0.105,-8.193,0.0312,145.916,0.348,73
138,evermore,5,6lCvK2AR2uOKkVFCVlAzzm,tolerate it,spotify:track:6lCvK2AR2uOKkVFCVlAzzm,0.878,0.316,0.361,2.67e-05,0.0797,-10.381,0.0488,74.952,0.221,73
139,evermore,6,6uwfVkaOM1mcMkFmSn35ix,"no body, no crime (feat. HAIM)",spotify:track:6uwfVkaOM1mcMkFmSn35ix,0.418,0.546,0.613,0.0,0.103,-7.589,0.0264,79.015,0.535,72
140,evermore,7,55Vf4bimc1Rtfg0PAQRAo2,happiness,spotify:track:55Vf4bimc1Rtfg0PAQRAo2,0.87,0.559,0.334,0.0,0.114,-10.733,0.0376,122.079,0.211,70
141,evermore,8,66tOfHVH3aUrscg8vExRV4,dorothea,spotify:track:66tOfHVH3aUrscg8vExRV4,0.696,0.605,0.488,0.0,0.129,-8.322,0.0264,119.966,0.354,70
142,evermore,9,2awNGIJHodfLZSClB3PYhz,coney island (feat. The National),spotify:track:2awNGIJHodfLZSClB3PYhz,0.819,0.537,0.537,0.000904,0.142,-11.266,0.0617,107.895,0.292,70
143,evermore,10,43Ykum9T72UOPhBN31grpN,ivy,spotify:track:43Ykum9T72UOPhBN31grpN,0.855,0.515,0.545,1.97e-05,0.0921,-9.277,0.0353,88.856,0.535,71
144,evermore,11,52OkpDsU6MmPx1AwGOb6Ap,cowboy like me,spotify:track:52OkpDsU6MmPx1AwGOb6Ap,0.768,0.604,0.517,0.000155,0.123,-9.014,0.0347,127.967,0.511,71
145,evermore,12,5VYWxXUpxuxEmCqMLDqICo,long story short,spotify:track:5VYWxXUpxuxEmCqMLDqICo,0.66,0.546,0.73,0.179,0.0972,-7.704,0.0417,157.895,0.573,70
146,evermore,13,5uICWmZTLkpEVbK22PBP6e,marjorie,spotify:track:5uICWmZTLkpEVbK22PBP6e,0.876,0.535,0.561,0.000136,0.115,-11.609,0.0484,96.103,0.287,70
147,evermore,14,6a8aUhYbaQBUI8PcJ5ZmQ6,closure,spotify:track:6a8aUhYbaQBUI8PcJ5ZmQ6,0.835,0.689,0.704,4.83e-06,0.134,-10.813,0.245,151.884,0.92,68
148,evermore,15,6Wlq9rqkxrqj5Kls4Kw14H,evermore (feat. Bon Iver),spotify:track:6Wlq9rqkxrqj5Kls4Kw14H,0.937,0.39,0.27,0.00227,0.111,-10.673,0.0308,125.177,0.32,71
149,evermore,16,3zwMVvkBe2qIKDObWgXw4N,right where you left me - bonus track,spotify:track:3zwMVvkBe2qIKDObWgXw4N,0.769,0.581,0.619,0.000106,0.117,-6.524,0.0282,137.915,0.645,82
150,evermore,17,1kdWw77ZpYOkhxeuhzU1j6,it's time to go - bonus track,spotify:track:1kdWw77ZpYOkhxeuhzU1j6,0.801,0.592,0.41,1.39e-05,0.09,-12.426,0.0397,151.923,0.416,73
200,folklore,1,4pfrrhvplbJZAIsfosGWQP,the 1,spotify:track:4pfrrhvplbJZAIsfosGWQP,0.75,0.78,0.361,7.14e-06,0.108,-6.942,0.048,139.902,0.163,74
201,folklore,2,0KRYCBwIpWYFNrXOmXbyUh,cardigan,spotify:track:0KRYCBwIpWYFNrXOmXbyUh,0.525,0.612,0.58,0.000414,0.26,-8.572,0.0419,130.045,0.534,75
202,folklore,3,2olxzvoFI9IpxqFeUv7WOX,the last great american dynasty,spotify:track:2olxzvoFI9IpxqFeUv7WOX,0.481,0.688,0.653,0.00414,0.106,-8.558,0.0403,147.991,0.701,73
203,folklore,4,5S4aYQAJOwJMAamANWlICO,exile (feat. Bon Iver),spotify:track:5S4aYQAJOwJMAamANWlICO,0.761,0.31,0.374,2.46e-05,0.11,-8.464,0.0275,75.938,0.16,75
204,folklore,5,5P2bHCDM2tsgIaYWsZMhu5,my tears ricochet,spotify:track:5P2bHCDM2tsgIaYWsZMhu5,0.814,0.456,0.265,0.0,0.0679,-10.663,0.0328,129.947,0.112,74
205,folklore,6,2I8YAEA1VmCuP1wkJHMpTw,mirrorball,spotify:track:2I8YAEA1VmCuP1wkJHMpTw,0.686,0.549,0.417,1.9e-06,0.0604,-10.064,0.035,110.137,0.347,73
206,folklore,7,76mOLcXOjOEhyY4mMF1l3r,seven,spotify:track:76mOLcXOjOEhyY4mMF1l3r,0.888,0.602,0.494,2.59e-05,0.0902,-10.813,0.0277,94.955,0.374,73
207,folklore,8,6nK2pIKFcRc5frrZKHgsiT,august,spotify:track:6nK2pIKFcRc5frrZKHgsiT,0.553,0.387,0.634,6.93e-05,0.0931,-9.222,0.0363,89.567,0.42,74
208,folklore,9,7cm50Lw03k6VvRauJtkyTj,this is me trying,spotify:track:7cm50Lw03k6VvRauJtkyTj,0.312,0.511,0.478,2.3e-05,0.147,-9.837,0.0322,135.882,0.408,73
209,folklore,10,6DrLROM5MG9bxWHeEG5elq,illicit affairs,spotify:track:6DrLROM5MG9bxWHeEG5elq,0.862,0.529,0.304,0.0,0.108,-10.567,0.0356,119.58,0.44,73
210,folklore,11,2ehRU518I0hYqMGQnk4lDY,invisible string,spotify:track:2ehRU518I0hYqMGQnk4lDY,0.859,0.651,0.459,6.63e-05,0.105,-11.128,0.0507,83.455,0.454,73
211,folklore,12,0RP1kqoSPkVXsKiQNhMKzV,mad woman,spotify:track:0RP1kqoSPkVXsKiQNhMKzV,0.67,0.593,0.7,6.77e-06,0.116,-9.016,0.0492,141.898,0.451,70
212,folklore,13,1EXa37LpSvi3OQ9UYQ28rD,epiphany,spotify:track:1EXa37LpSvi3OQ9UYQ28rD,0.727,0.317,0.254,0.000326,0.0867,-13.679,0.0286,93.933,0.103,69
213,folklore,14,3IhtE4fkytdrtEfV34UzkD,betty,spotify:track:3IhtE4fkytdrtEfV34UzkD,0.589,0.595,0.376,0.0,0.0989,-8.767,0.0256,95.946,0.476,71
214,folklore,15,6JlI8Ay77m4nJvZTHvfT1J,peace,spotify:track:6JlI8Ay77m4nJvZTHvfT1J,0.916,0.644,0.284,1.5e-05,0.0909,-12.879,0.0821,150.072,0.328,70
215,folklore,16,0YeDG5HnKnG7jpArkzsSPa,hoax,spotify:track:0YeDG5HnKnG7jpArkzsSPa,0.964,0.676,0.178,7.9e-06,0.135,-15.01,0.0394,118.84,0.404,69
216,folklore,17,0eFQWVz0qIxDOvhLpZ40P7,the lakes - bonus track,spotify:track:0eFQWVz0qIxDOvhLpZ40P7,0.842,0.313,0.258,1.3e-06,0.0948,-11.532,0.0383,179.947,0.268,73
233,Lover,1,43rA71bccXFGD4C8GOpIlN,I Forgot That You Existed,spotify:track:43rA71bccXFGD4C8GOpIlN,0.298,0.664,0.316,2.03e-06,0.0812,-10.345,0.519,92.875,0.541,77
234,Lover,2,1BxfuPKGuaTgP7aM0Bbdwr,Cruel Summer,spotify:track:1BxfuPKGuaTgP7aM0Bbdwr,0.117,0.552,0.702,2.06e-05,0.105,-5.707,0.157,169.994,0.564,99
235,Lover,3,1dGr1c8CrMLDpV6mPbImSI,Lover,spotify:track:1dGr1c8CrMLDpV6mPbImSI,0.492,0.359,0.543,1.58e-05,0.118,-7.582,0.0919,68.534,0.453,91
236,Lover,4,3RauEVgRgj1IuWdJ9fDs70,The Man,spotify:track:3RauEVgRgj1IuWdJ9fDs70,0.0767,0.777,0.658,0.0,0.0901,-5.191,0.054,110.048,0.633,86
237,Lover,5,3pHkh7d0lzM2AldUtz2x37,The Archer,spotify:track:3pHkh7d0lzM2AldUtz2x37,0.12,0.292,0.574,0.00569,0.0663,-9.375,0.0401,124.344,0.166,82
238,Lover,6,2YWtcWi3a83pdEg3Gif4Pd,I Think He Knows,spotify:track:2YWtcWi3a83pdEg3Gif4Pd,0.00889,0.897,0.366,0.000353,0.0715,-8.029,0.0569,100.003,0.416,79
239,Lover,7,214nt20w5wOxJnY462klLw,Miss Americana & The Heartbreak Prince,spotify:track:214nt20w5wOxJnY462klLw,0.028,0.662,0.747,0.00615,0.138,-6.926,0.0736,150.088,0.487,83
240,Lover,8,4y5bvROuBDPr5fuwXbIBZR,Paper Rings,spotify:track:4y5bvROuBDPr5fuwXbIBZR,0.0129,0.811,0.719,1.36e-05,0.0742,-6.553,0.0497,103.979,0.865,86
241,Lover,9,12M5uqx0ZuwkpLp5rJim1a,Cornelia Street,spotify:track:12M5uqx0ZuwkpLp5rJim1a,0.781,0.824,0.624,0.000189,0.1,-9.728,0.0827,102.012,0.248,81
242,Lover,10,2dgFqt3w9xIQRjhPtwNk3D,Death By A Thousand Cuts,spotify:track:2dgFqt3w9xIQRjhPtwNk3D,0.454,0.712,0.732,0.0,0.319,-6.754,0.0629,94.071,0.313,79
243,Lover,11,1LLXZFeAHK9R4xUramtUKw,London Boy,spotify:track:1LLXZFeAHK9R4xUramtUKw,0.0246,0.695,0.71,0.000104,0.133,-6.639,0.05,157.925,0.557,81
244,Lover,12,4AYtqFyFbX0Xkc2wtcygTr,Soon You'll Get Better (feat. The Chicks),spotify:track:4AYtqFyFbX0Xkc2wtcygTr,0.907,0.433,0.182,0.0,0.123,-12.566,0.0641,207.476,0.421,73
245,Lover,13,5hQSXkFgbxjZo9uCwd11so,False God,spotify:track:5hQSXkFgbxjZo9uCwd11so,0.736,0.739,0.32,0.000147,0.111,-10.862,0.239,79.97,0.351,78
246,Lover,14,6RRNNciQGZEXnqk8SQ9yv5,You Need To Calm Down,spotify:track:6RRNNciQGZEXnqk8SQ9yv5,0.00929,0.771,0.671,0.0,0.0637,-5.617,0.0553,85.026,0.714,83
247,Lover,15,1SymEzIT3H8UZfibCs3TYi,Afterglow,spotify:track:1SymEzIT3H8UZfibCs3TYi,0.13,0.756,0.449,0.0,0.114,-8.746,0.0344,111.011,0.399,82
248,Lover,16,2Rk4JlNc2TPmZe2af99d45,ME! (feat. Brendon Urie of Panic! At The Disco),spotify:track:2Rk4JlNc2TPmZe2af99d45,0.033,0.61,0.83,0.0,0.118,-4.105,0.0571,182.162,0.728,81
249,Lover,17,1SmiQ65iSAbPto6gPFlBYm,It's Nice To Have A Friend,spotify:track:1SmiQ65iSAbPto6gPFlBYm,0.971,0.737,0.175,0.000337,0.171,-9.912,0.0401,70.008,0.545,72
250,Lover,18,1fzAuUVbzlhZ1lJAx9PtY6,Daylight,spotify:track:1fzAuUVbzlhZ1lJAx9PtY6,0.808,0.557,0.496,0.000173,0.0772,-9.602,0.0563,149.983,0.265,84
251,reputation,1,2yLa0QULdQr0qAIvVwN6B5,...Ready For It?,spotify:track:2yLa0QULdQr0qAIvVwN6B5,0.0527,0.613,0.764,0.0,0.197,-6.509,0.136,160.015,0.417,84
252,reputation,2,2x0WlnmfG39ZuDmstl9xfX,End Game,spotify:track:2x0WlnmfG39ZuDmstl9xfX,0.00845,0.649,0.589,0.0,0.108,-6.237,0.0558,159.073,0.151,81
253,reputation,3,4svZDCRz4cJoneBpjpx8DJ,I Did Something Bad,spotify:track:4svZDCRz4cJoneBpjpx8DJ,0.0679,0.696,0.602,2.11e-05,0.0696,-6.156,0.159,82.989,0.305,82
254,reputation,4,1R0a2iXumgCiFb7HEZ7gUE,Don't Blame Me,spotify:track:1R0a2iXumgCiFb7HEZ7gUE,0.106,0.615,0.534,1.76e-05,0.0607,-6.719,0.0386,135.917,0.193,91
255,reputation,5,6NFyWDv5CjfwuzoCkw47Xf,Delicate,spotify:track:6NFyWDv5CjfwuzoCkw47Xf,0.216,0.75,0.404,0.000357,0.0911,-10.178,0.0682,95.045,0.0499,87
256,reputation,6,1P17dC1amhFzptugyAO7Il,Look What You Made Me Do,spotify:track:1P17dC1amhFzptugyAO7Il,0.204,0.766,0.709,1.41e-05,0.126,-6.471,0.123,128.07,0.506,86
257,reputation,7,5PxFv9yJEg9dxvbZggykro,So It Goes...,spotify:track:5PxFv9yJEg9dxvbZggykro,0.122,0.574,0.61,1.1e-06,0.13,-7.283,0.0732,74.957,0.374,76
258,reputation,8,1ZY1PqizIl78geGM4xWlEA,Gorgeous,spotify:track:1ZY1PqizIl78geGM4xWlEA,0.0713,0.8,0.535,9.48e-06,0.213,-6.684,0.135,92.027,0.451,84
259,reputation,9,0VE4kBnHJUgtMf0dy6DRmW,Getaway Car,spotify:track:0VE4kBnHJUgtMf0dy6DRmW,0.00465,0.562,0.689,2.23e-06,0.0888,-6.745,0.127,172.054,0.351,87
260,reputation,10,7HuBDWi18s4aJM8UFnNheH,King Of My Heart,spotify:track:7HuBDWi18s4aJM8UFnNheH,0.00882,0.675,0.703,2.21e-06,0.0391,-7.902,0.0382,110.01,0.314,80
261,reputation,11,7I7JbDv63ZJJsSi24DyJrz,Dancing With Our Hands Tied,spotify:track:7I7JbDv63ZJJsSi24DyJrz,0.0604,0.624,0.691,1.1e-05,0.138,-6.686,0.196,160.024,0.284,78
262,reputation,12,6oVxXO5oQ4pTpO8RSnkzvv,Dress,spotify:track:6oVxXO5oQ4pTpO8RSnkzvv,0.0329,0.719,0.469,0.0,0.169,-8.792,0.0533,120.085,0.0851,82
263,reputation,13,07NxDD1iKCHbAldceD7QLP,This Is Why We Can't Have Nice Things,spotify:track:07NxDD1iKCHbAldceD7QLP,0.0156,0.567,0.789,0.0,0.382,-5.986,0.115,163.96,0.438,78
264,reputation,14,1GwMQaZz6Au3QLDbjbMdme,Call It What You Want,spotify:track:1GwMQaZz6Au3QLDbjbMdme,0.186,0.598,0.504,0.000221,0.34,-9.874,0.0731,163.954,0.252,81
265,reputation,15,7F5oktn5YOsR9eR5YsFtqb,New Year's Day,spotify:track:7F5oktn5YOsR9eR5YsFtqb,0.921,0.661,0.151,0.0,0.13,-12.864,0.0354,94.922,0.23,76
312,1989,1,33Kq0AT5rvwyE4azisG08x,Welcome To New York,spotify:track:33Kq0AT5rvwyE4azisG08x,0.0348,0.789,0.634,1.64e-06,0.302,-4.762,0.0323,116.992,0.658,65
313,1989,2,2sC2P3BN0IXujNaaSyDmtP,Blank Space,spotify:track:2sC2P3BN0IXujNaaSyDmtP,0.103,0.76,0.703,0.0,0.0913,-5.412,0.054,95.997,0.57,68
314,1989,3,1fo2ctLqj3zBhRQKOXprol,Style,spotify:track:1fo2ctLqj3zBhRQKOXprol,0.00245,0.588,0.791,0.00258,0.118,-5.595,0.0402,94.933,0.487,71
315,1989,4,6Nde5KuTXyB7jlPO4upaBo,Out Of The Woods,spotify:track:6Nde5KuTXyB7jlPO4upaBo,0.000743,0.553,0.841,1.19e-05,0.341,-6.937,0.0396,92.008,0.338,69
316,1989,5,0lmMtDQ2ElasKU2qDAE6NN,All You Had To Do Was Stay,spotify:track:0lmMtDQ2ElasKU2qDAE6NN,0.00201,0.605,0.725,2.02e-05,0.101,-5.729,0.0323,96.97,0.539,66
317,1989,6,3fthfkkvy9av3q3uAGVf7U,Shake It Off,spotify:track:3fthfkkvy9av3q3uAGVf7U,0.0647,0.647,0.8,0.0,0.334,-5.384,0.165,160.078,0.942,66
318,1989,7,1B5VzXPqMlvRw0U4HJY3dJ,I Wish You Would,spotify:track:1B5VzXPqMlvRw0U4HJY3dJ,0.0158,0.653,0.893,4.95e-05,0.102,-5.966,0.0538,118.035,0.513,70
319,1989,8,0yN4fNzmVnmgC0dsOoi9Wh,Bad Blood,spotify:track:0yN4fNzmVnmgC0dsOoi9Wh,0.0885,0.646,0.794,6.16e-06,0.201,-6.104,0.19,170.216,0.287,65
320,1989,9,106R7Z57WYzBAfrXImV30y,Wildest Dreams,spotify:track:106R7Z57WYzBAfrXImV30y,0.0692,0.55,0.688,0.00144,0.106,-7.416,0.0897,139.997,0.465,64
321,1989,10,6wfugRLamFsTRbPcCpNnP7,How You Get The Girl,spotify:track:6wfugRLamFsTRbPcCpNnP7,0.00364,0.765,0.656,0.00868,0.0918,-6.112,0.0504,119.997,0.545,70
322,1989,11,1kTPQnabROVkW9bUXdCGrB,This Love,spotify:track:1kTPQnabROVkW9bUXdCGrB,0.678,0.481,0.435,0.0,0.0928,-8.795,0.0321,143.95,0.107,63
323,1989,12,2zfgVd034GlUvk7LqBHl6u,I Know Places,spotify:track:2zfgVd034GlUvk7LqBHl6u,0.245,0.602,0.755,0.0,0.178,-4.991,0.071,159.965,0.495,68
324,1989,13,4bXCcoesMt8u99xMsbLr9U,Clean,spotify:track:4bXCcoesMt8u99xMsbLr9U,0.232,0.815,0.377,0.0,0.1,-7.754,0.0346,103.97,0.211,71
325,1989,14,6iWMI5oOhWrDbLbjmwTWFq,Wonderland,spotify:track:6iWMI5oOhWrDbLbjmwTWFq,0.0493,0.422,0.692,2.57e-05,0.177,-5.447,0.0549,184.014,0.197,72
326,1989,15,4A2LfnduSTsE8u0ecYROxE,You Are In Love,spotify:track:4A2LfnduSTsE8u0ecYROxE,0.707,0.474,0.48,0.000108,0.0903,-8.894,0.0622,170.109,0.319,71
327,1989,16,6rZVy6FIG7lSJQMFXHo12z,New Romantics,spotify:track:6rZVy6FIG7lSJQMFXHo12z,0.00463,0.633,0.889,0.000458,0.0658,-5.87,0.0715,121.956,0.584,76